TOPIC,SUBTOPIC
Algebra,Algebra Expressions
Algebra,Divide & Multiply Algebra
Algebra,Inequalities
Algebra,Constant of Proportionality
Algebra,Arithmetic Sequences
Algebra,"Linear equations, Slope and y-intercept"
Algebra,"Solving Equations, Algebra"
Algebra,Word Problems Expressions
Algebra,Word Problems Linear
Algebra,Word Problems Inequalities
Arithmetic Operations,Multiply and Divide Decimals
Arithmetic Operations,Multiply and Divide Integers
Arithmetic Operations,Multiply and Divide Whole Numbers
Arithmetic Operations,Drill Fractions
Arithmetic Operations,Drill Integers
Arithmetic Operations,Drills Decimals
Arithmetic Operations,Estimate & Round Decimals
Arithmetic Operations,Estimate & Round Integers
Arithmetic Operations,"Exponents and Roots, Decimals"
Arithmetic Operations,"Exponents and Roots, Integers"
Arithmetic Operations,"Exponents and Roots, Whole Numbers"
Arithmetic Operations,"Exponents and Roots, Algebra"
Arithmetic Operations,Faltantes
Arithmetic Operations,FR22
Arithmetic Operations,GCF
Arithmetic Operations,Least Common Denominator (LCD)
Arithmetic Operations,Least Common Multiple (LCM)
Arithmetic Operations,Multiplicacion & Division of Fractions
Arithmetic Operations,Multiplicacion & Division of Mixed Numbers
Arithmetic Operations,Roman Numerals
Arithmetic Operations,PEMDAS & Drill Whole Numbers
Arithmetic Operations,Addition and subtraction of decimals
Arithmetic Operations,Subtraction of decimals
Arithmetic Operations,Add & Subtract Fractions
Arithmetic Operations,Add & Subtract Integers
Arithmetic Operations,Add & Subtract Mixed Numbers
Arithmetic Operations,Add & Subtract Whole Numbers
Arithmetic Operations,Word Problems
Arithmetic Operations,Word Problems with Decimals
Arithmetic Operations,Word Problems Fractions
Arithmetic Operations,Word Problems Integers
Arithmetic Operations,Word Problems Whole Numbers
Comparing and Ordering,Compare & Order Decimals
Comparing and Ordering,Compare & Order Fractions
Comparing and Ordering,Compare & Order Integers
Comparing and Ordering,Place Value Whole Numbers
Comparing and Ordering,Absolute Value
Converting Units,Absolute Value
Converting Units,Customary Length
Converting Units,Customary Temperature
Converting Units,Customary Time
Converting Units,Customary Volume
Converting Units,Customary Weight
Converting Units,Metric Length
Converting Units,Metric Speed
Converting Units,Metric Volume
Converting Units,Metric Weigth
Data Analysis,Metric Weigth
Data Analysis,"Statistics, Calculate the Median"
Data Analysis,"Statistics, Mode"
Data Analysis,"Statistics, Range"
Data Analysis,"Probability, Dependent Events"
Data Analysis,"Probability, Independent Events"
"Equivalent Forms of Fractions, Decimals, Percent","Probability, Independent Events"
"Equivalent Forms of Fractions, Decimals, Percent",Equivalent Fractions
"Equivalent Forms of Fractions, Decimals, Percent",Equivalent Mixed Numbers
"Equivalent Forms of Fractions, Decimals, Percent",Equivalent Percentages
Geometry and Measurement,Complementary Angles
Geometry and Measurement,Full Angles
Geometry and Measurement,Opposite Angles
Geometry and Measurement,Supplementary Angles
Geometry and Measurement,Complementary & Supplementary Angles
Geometry and Measurement,Corresponding Angles
Geometry and Measurement,External Angles
Geometry and Measurement,Internal Angles
Geometry and Measurement,Area & Circumference Circle
Geometry and Measurement,Area & Perimeter Rectangle
Geometry and Measurement,Area & Perimeter Square
Geometry and Measurement,Area & Volume Triangular Prism
Geometry and Measurement,Circle Area
Geometry and Measurement,Area Rhombus
Geometry and Measurement,Area Trapezoid
Geometry and Measurement,Area Triangle
Geometry and Measurement,"Composite Figures, Area & Perimeter"
Geometry and Measurement,"Composite Figures, Area"
Geometry and Measurement,Drill Angles
Geometry and Measurement,Drill Area
Geometry and Measurement,Drill Statistics
Geometry and Measurement,Drill Surface Area
Geometry and Measurement,Drill Volume
Geometry and Measurement,Perimeter of Circle
Geometry and Measurement,Perimeter of Rectangles
Geometry and Measurement,Pitagoras
Geometry and Measurement,Surface Area Cube
Geometry and Measurement,Surface Area Cylinder
Geometry and Measurement,Surface Area Rectangular Prism
Geometry and Measurement,Surface Area Square Pyramid
Geometry and Measurement,Surface Area Triangular Prism
Geometry and Measurement,Surface Area Triangular Pyramid
Geometry and Measurement,Volume & Surface Area Cone
Geometry and Measurement,Volume & Surface Area Cube
Geometry and Measurement,Volume & Surface Area Cylinder
Geometry and Measurement,Volume & Surface Area Sphere
Geometry and Measurement,Volume of Cone
Geometry and Measurement,Volume of Cube
Geometry and Measurement,Volume of Cylinder
Geometry and Measurement,Volume Decimals Rectangle Prism
Geometry and Measurement,Volume of a Rectangular Prism
Geometry and Measurement,Volume of Sphere
Geometry and Measurement,Volume of Square Pyramid
Geometry and Measurement,Volume of Trapezoidal Prism
Geometry and Measurement,Volume of Triangular Prism
Geometry and Measurement,Volume of Triangular Pyramid
Geometry and Measurement,Rectangular Prism problems
Geometry and Measurement,Missing numbers in addition and subtraction
Geometry and Measurement,Word Problems Angles
Geometry and Measurement,Word Problems Area & Perimeter
Geometry and Measurement,Word Problems Composite Figures
Personal Financial Literacy,Discount Finance
Personal Financial Literacy,Compound Interest
Personal Financial Literacy,Simple Interest
Personal Financial Literacy,Taxes
Personal Financial Literacy,Word Problems Percents
Proportional Reasoning,Equivalent Proportions
Proportional Reasoning,Density
Proportional Reasoning,Proportions with Fractions
Proportional Reasoning,Drill Proportions
Proportional Reasoning,Proportions with Decimals
Proportional Reasoning,Proportions in Finance
Proportional Reasoning,Proportions with Integers
Proportional Reasoning,Proportions Measurement
Proportional Reasoning,Proportions Percents
Proportional Reasoning,"Similar Figures, Scale"
Proportional Reasoning,"Proportions, Similar Figures"
Proportional Reasoning,"Proportions, imilar Triangles"
Proportional Reasoning,Proportions Word Problems
Proportional Reasoning,Word Problems Proportions
Proportional Reasoning,Word Problems Measurement
Diagnostic Test,Math Test
The Real Number System,Real Number System